order,id,file,kind,screen,screen_id,text,breaths,when,delivery
1,p01,assets/vo/p01.mp3,say,1,intro-hi,"Hi! I am Swiftee.","","screen 1","arriving, friendly"
2,p02,assets/vo/p02.mp3,say,2,intro-remember,"Remember we learned about polygons before.","","screen 2","wondering aloud, a little slower"
3,p03,assets/vo/p03.mp3,say,3,intro-define,"Polygons are closed shapes made from straight lines.","Polygons are closed shapes / made from straight lines.","screen 3","explaining, warm and clear"
4,p04,assets/vo/p04.mp3,say,4,which-polygons,"Which of these are polygons?","","screen 4","asking: curious, open"
5,p05,assets/vo/p05.mp3,say,5,lets-play,"Let’s play with this one.","","screen 5","playful, inviting"
6,p06,assets/vo/p06.mp3,say,6,pick-vertex,"Select any vertex.","","screen 6","explaining, warm and clear"
7,p07i,assets/vo/p07i.mp3,instruction,7,connect,"Let’s connect it to another vertex.","","screen 7, the instruction","an instruction: plain, steady, every word clear"
8,p09,assets/vo/p09.mp3,say,7,connect,"This is a side of the polygon.","","screen 7","explaining, warm and clear"
9,p10i,assets/vo/p10i.mp3,instruction,7,connect,"Let’s connect it to a different vertex.","","screen 7, the instruction","an instruction: plain, steady, every word clear"
10,p12,assets/vo/p12.mp3,say,7,connect,"Yay! You made a diagonal!","","screen 7, after the right answer","a cheer, delighted"
11,p13,assets/vo/p13.mp3,say,8,define-diagonal,"A line segment joining two non-adjacent vertices is a diagonal.","A line segment joining / two non-adjacent vertices / is a diagonal.","screen 8","explaining, warm and clear"
12,p14i,assets/vo/p14i.mp3,instruction,9,another-diagonal,"Let’s draw another diagonal from the same vertex.","","screen 9, the instruction","an instruction: plain, steady, every word clear"
13,p14r,assets/vo/p14r.mp3,reminder,9,another-diagonal,"A diagonal connects non-adjacent vertices.","","screens 9 and 10, from the first wrong answer on","a gentle reminder: warm, clear, never disappointed"
14,p15,assets/vo/p15.mp3,say,10,hexagon-your-turn,"Your turn! Let’s draw all the diagonals from this vertex.","Your turn! / Let’s draw all the diagonals / from this vertex.","screen 10","playful, inviting"
15,p15i,assets/vo/p15i.mp3,instruction,10,hexagon-your-turn,"Let’s draw all the diagonals from this vertex.","","screen 10, the instruction","an instruction: plain, steady, every word clear"
16,p16b,assets/vo/p16b.mp3,say,11,look-diagonals,"Let’s look at the diagonals of this pentagon.","Let’s look at the diagonals / of this pentagon.","screen 11","playful, inviting"
17,p17i,assets/vo/p17i.mp3,instruction,12,inside-or-outside,"Are the diagonals inside or outside?","","screen 12, the instruction","an instruction: plain, steady, every word clear"
18,fb54,assets/vo/fb54.mp3,say,12,inside-or-outside,"The diagonals are inside.","","screen 12, after a wrong answer","explaining, warm and clear"
19,p18,assets/vo/p18.mp3,say,13,lets-change,"Let’s make a change.","","screen 13","playful, inviting"
20,p19i,assets/vo/p19i.mp3,instruction,14,drag-inward,"Help me pull this vertex inside.","","screen 14, the instruction","an instruction: plain, steady, every word clear"
21,p20,assets/vo/p20.mp3,say,15,whoa,"Whoa! One of the diagonals went outside.","Whoa! One of the diagonals / went outside.","screen 15","surprised, amazed"
22,fb52,assets/vo/fb52.mp3,say,,,"Whoa! Some of the diagonals went outside.","","screen undefined","surprised, amazed"
23,p21,assets/vo/p21.mp3,say,16,compare,"Let’s compare the diagonals in both the pentagons.","","screen 16","playful, inviting"
24,p22,assets/vo/p22.mp3,say,17,all-inside,"This one has all the diagonals inside.","","screen 17","explaining, warm and clear"
25,p23,assets/vo/p23.mp3,say,18,one-outside,"But this one has atleast one diagonal outside.","","screen 18","explaining, warm and clear"
26,p24,assets/vo/p24.mp3,say,19,convex,"All diagonals inside means convex polygon.","","screen 19","explaining, warm and clear"
27,p25,assets/vo/p25.mp3,say,20,concave,"Atleast one diagonal outside means concave polygon.","Atleast one diagonal outside / means concave polygon.","screen 20","explaining, warm and clear"
28,p26i,assets/vo/p26i.mp3,instruction,21,make-concave,"Drag any vertex to make this polygon concave.","","screen 21, the instruction","an instruction: plain, steady, every word clear"
29,fb32,assets/vo/fb32.mp3,say,21,make-concave,"Try again!","","screen 21, after a wrong answer","explaining, warm and clear"
30,p26r1,assets/vo/p26r1.mp3,say,21,make-concave,"The diagonals are still inside the shape, so it is still convex.","","screen 21, after a wrong answer","explaining, warm and clear"
31,fb53,assets/vo/fb53.mp3,say,21,make-concave,"Let me show you. Watch this corner.","","screen 21, after a wrong answer","explaining, warm and clear"
32,p26r2,assets/vo/p26r2.mp3,say,21,make-concave,"Now one diagonal goes outside, so the polygon is concave.","","screen 21, after a wrong answer","explaining, warm and clear"
33,fb03,assets/vo/fb03.mp3,say,21,make-concave,"Great job!","","screen 21, after the right answer","a cheer, delighted"
34,p27,assets/vo/p27.mp3,say,22,sort-convex-concave,"Can you sort these polygons as convex or concave?","","screen 22","playful, inviting"
35,p27c,assets/vo/p27c.mp3,say,,,"Look! This corner goes inward.","","screen undefined","explaining, warm and clear"
36,p27v,assets/vo/p27v.mp3,say,,,"Look! No corner goes inward.","","screen undefined","explaining, warm and clear"
37,p28,assets/vo/p28.mp3,say,23,suspicious,"Hmm… The sides look suspiciously alike.","Hmm… / The sides look suspiciously alike.","screen 23","wondering aloud, a little slower"
38,p29s,assets/vo/p29s.mp3,say,24,measure-sides,"Let’s measure the sides.","","screen 24","playful, inviting"
39,p30,assets/vo/p30.mp3,say,25,sides-equal,"Every side is equal. But what about the angles?","Every side is equal. / But what about the angles?","screen 25","asking: curious, open"
40,p31m,assets/vo/p31m.mp3,say,26,measure-angles,"Let’s measure the angles.","","screen 26","playful, inviting"
41,p31,assets/vo/p31.mp3,say,26,measure-angles,"The angles match too!","","screen 26","explaining, warm and clear"
42,p32a,assets/vo/p32a.mp3,say,27,distort,"Help me stretch this corner. Let’s see what happens to the sides and angles.","Help me stretch this corner. / Let’s see what happens / to the sides and angles.","screen 27","playful, inviting"
43,p32ai,assets/vo/p32ai.mp3,instruction,27,distort,"Drag the highlighted vertex.","","screen 27, the instruction","an instruction: plain, steady, every word clear"
44,p32b,assets/vo/p32b.mp3,say,28,stayed-changed,"It’s still a pentagon. But are the sides and angles still equal?","It’s still a pentagon. / But are the sides / and angles still equal?","screen 28","asking: curious, open"
45,p32bi,assets/vo/p32bi.mp3,instruction,28,stayed-changed,"Are the sides and angles still equal?","","screen 28, the instruction","an instruction: plain, steady, every word clear"
46,p32r,assets/vo/p32r.mp3,say,28,stayed-changed,"The sides and angles changed, so they are not equal.","","screen 28, after a wrong answer","explaining, warm and clear"
47,fb55,assets/vo/fb55.mp3,say,29,regular-vs-irregular,"Let’s compare these two pentagons.","","screen 29","playful, inviting"
48,fb56,assets/vo/fb56.mp3,say,29,regular-vs-irregular,"All the sides and angles are equal in this pentagon.","","screen 29","explaining, warm and clear"
49,fb57,assets/vo/fb57.mp3,say,29,regular-vs-irregular,"But this pentagon has unequal sides and unequal angles.","","screen 29","explaining, warm and clear"
50,fb58,assets/vo/fb58.mp3,say,29,regular-vs-irregular,"All sides and angles equal means a regular polygon. Sides and angles unequal means an irregular polygon.","All sides and angles equal / means a regular polygon. / Sides and angles unequal / means an irregular polygon.","screen 29","explaining, warm and clear"
51,p33,assets/vo/p33.mp3,say,30,sort-regular,"Where does this polygon belong?","","screen 30","asking: curious, open"
52,fb48,assets/vo/fb48.mp3,say,,,"This one is regular. Every side is equal, and every angle is equal too.","","screen undefined","explaining, warm and clear"
53,fb49,assets/vo/fb49.mp3,say,,,"This one is irregular. Its sides are not all the same length.","","screen undefined","explaining, warm and clear"
54,fb50,assets/vo/fb50.mp3,say,,,"This one is irregular. Its sides match, but its angles are not all equal.","","screen undefined","explaining, warm and clear"
55,fb51,assets/vo/fb51.mp3,say,,,"This one is irregular. Its sides are not equal, and its angles are not equal either.","","screen undefined","explaining, warm and clear"
56,p37o,assets/vo/p37o.mp3,say,31,summary,"Let’s recall what we learned today.","","screen 31","playful, inviting"
57,p37a,assets/vo/p37a.mp3,say,31,summary,"A vertex is a corner where two sides meet.","","screen 31","explaining, warm and clear"
58,p37b,assets/vo/p37b.mp3,say,31,summary,"A side is a straight line joining two vertices.","","screen 31","explaining, warm and clear"
59,p37c,assets/vo/p37c.mp3,say,31,summary,"An angle is formed where two sides meet.","","screen 31","explaining, warm and clear"
60,p37d,assets/vo/p37d.mp3,say,31,summary,"A diagonal joins two non-adjacent vertices.","","screen 31","explaining, warm and clear"
61,p37e,assets/vo/p37e.mp3,say,31,summary,"In a convex polygon, all diagonals stay inside.","","screen 31","explaining, warm and clear"
62,p37f,assets/vo/p37f.mp3,say,31,summary,"In a concave polygon, atleast one diagonal goes outside.","","screen 31","explaining, warm and clear"
63,p37g,assets/vo/p37g.mp3,say,31,summary,"A regular polygon has all sides and all angles equal.","","screen 31","explaining, warm and clear"
64,p37h,assets/vo/p37h.mp3,say,31,summary,"If the sides or angles are not all equal, the polygon is irregular.","","screen 31","explaining, warm and clear"
65,p37i,assets/vo/p37i.mp3,say,31,summary,"Amazing! You explored all these polygon ideas!","","screen 31","explaining, warm and clear"
66,fb46,assets/vo/fb46.mp3,feedback,,,"Keep going!","","a try that falls short, with the reason","explaining, warm and clear"
67,fb47,assets/vo/fb47.mp3,feedback,,,"Amazing!","","a try that falls short, with the reason","explaining, warm and clear"
68,fb44,assets/vo/fb44.mp3,feedback,,,"Not quite. A circle is curved. A polygon has only straight sides.","","a try that falls short, with the reason","explaining, warm and clear"
69,fb45,assets/vo/fb45.mp3,feedback,,,"Not quite. This shape is open. A polygon must be closed.","","a try that falls short, with the reason","explaining, warm and clear"
70,fb41,assets/vo/fb41.mp3,feedback,,,"Try again! Compare the sides and angles now.","","a try that falls short, with the reason","explaining, warm and clear"
71,p38b,assets/vo/p38b.mp3,feedback,,,"You are a polygon adventurer!","","a try that falls short, with the reason","explaining, warm and clear"
72,p39,assets/vo/p39.mp3,feedback,,,"Now you know everything about polygons. You are ready to help Momo.","","a try that falls short, with the reason","explaining, warm and clear"
73,fb15,assets/vo/fb15.mp3,feedback,,,"Drop it on a corner!","","a try that falls short, with the reason","gentle and encouraging, never disappointed"
74,fb11,assets/vo/fb11.mp3,feedback,,,"Pull it in more!","","a try that falls short, with the reason","gentle and encouraging, never disappointed"
75,fb40,assets/vo/fb40.mp3,feedback,,,"Try again! Stretch the corner a little further.","","a try that falls short, with the reason","explaining, warm and clear"
76,fb35,assets/vo/fb35.mp3,feedback,,,"Try again! Every side and every angle is equal.","","a try that falls short, with the reason","explaining, warm and clear"
77,fb36,assets/vo/fb36.mp3,feedback,,,"Try again! The sides are not all equal.","","a try that falls short, with the reason","explaining, warm and clear"
78,fb37,assets/vo/fb37.mp3,feedback,,,"Try again! The angles are not all equal.","","a try that falls short, with the reason","explaining, warm and clear"
79,fb38,assets/vo/fb38.mp3,feedback,,,"Try again! The sides and the angles are not all equal.","","a try that falls short, with the reason","explaining, warm and clear"
80,sw1,assets/vo/sw1.mp3,feedback,,,"Momo needs your help.","","a try that falls short, with the reason","explaining, warm and clear"
81,sw2,assets/vo/sw2.mp3,feedback,,,"But to help Momo, you need to learn about polygons.","","a try that falls short, with the reason","explaining, warm and clear"
82,sw3,assets/vo/sw3.mp3,feedback,,,"Now let’s help Momo.","","a try that falls short, with the reason","explaining, warm and clear"
